OrderId,ProviderId,OrderNo,OrderType,DeliveryType,TruckNo,DispatchNo,OrderPlanOnWeight,OrderPlanOnPcs,OrderPcs,JoinTime,OutTime,Remark,OrderTotalWeight,OrderTruckWeight,OrderGoodsWeight,DeleteStatus,LastEditUserId,LastEditor,CreateUserId,Creator,UpdateTime,AddDate,UpdateDate,AddTime,LastSyncTime,EarlyWarnStatus,PrintCount,AbortReason,ReceivederId,OffsetResult,EarlyWarnType,OrderSource,TruckNum
1986714598488805376,,sl-20251107163726-001,0,0,,,,,,2025-11-07 16:37:26,,,50,,,0,,,2498,13758155135,,2025-11-07 16:37:26.3094267,,1762504646,1762504654,0,0,,0,0,,0,
1986717969652256768,,sl-20251107165050-002,0,0,浙A1V9F0,,,,,2025-11-07 16:50:50,,,1.13,,,0,,,2498,13758155135,,2025-11-07 16:50:50.0577431,,1762505450,1762505462,0,0,,0,0,,0,
1986719926072774656,,sl-20251107165836-003,0,0,,,,,,2025-11-07 16:58:36,,,1.18,,,0,,,2498,13758155135,,2025-11-07 16:58:36.5049573,,1762505916,1762505924,0,0,,0,0,,0,
1986935338626584576,,sl-20251108071434-001,0,0,,,,,,2025-11-08 07:14:34,,,61.57,,,0,,,2498,13758155135,,2025-11-08 07:14:34.8590142,,1762557274,1762557284,0,0,,0,0,,0,
1986939284170608640,,sl-20251108073015-002,0,0,,,,,,2025-11-08 07:30:15,,,0.11,,,0,,,2498,13758155135,,2025-11-08 07:30:15.550605,,1762558215,1762558224,0,0,,0,0,,0,
1986944405252214784,,sl-20251108075036-003,0,0,,,,,,2025-11-08 07:50:36,,,21,,,0,,,2498,13758155135,,2025-11-08 07:50:36.5113,,1762559436,1762559445,0,0,,0,0,,0,
1986944986301730816,,sl-20251108075255-004,0,0,,,,,,2025-11-08 07:52:55,,,49.38,,,0,,,2498,13758155135,,2025-11-08 07:52:55.0456123,,1762559575,1762559585,0,0,,0,0,,0,
1986951318773829632,,sl-20251108081804-005,0,0,,,,,,2025-11-08 08:18:04,,,20.74,,,0,,,2498,13758155135,,2025-11-08 08:18:04.8239747,,1762561084,1762561102,0,0,,0,0,,0,
1986957372639285248,,sl-20251108084208-006,0,0,,,,,,2025-11-08 08:42:08,,,18.51,,,0,,,2498,13758155135,,2025-11-08 08:42:08.1779797,,1762562528,1762562537,0,0,,0,0,,0,
1986962670124929024,,sl-20251108090311-007,0,0,,,,,,2025-11-08 09:03:11,,,17.73,,,0,,,2498,13758155135,,2025-11-08 09:03:11.1962768,,1762563791,1762563798,0,0,,0,0,,0,
1986963361220399104,,sl-20251108090555-008,0,0,,,,,,2025-11-08 09:05:55,,,3.8,,,0,,,2498,13758155135,,2025-11-08 09:05:55.9662518,,1762563955,1762563968,0,0,,0,0,,0,
1986967219107663872,,sl-20251108092115-009,0,0,,,,,,2025-11-08 09:21:15,,,16.89,,,0,,,2498,13758155135,,2025-11-08 09:21:15.7584128,,1762564875,1762564891,0,0,,0,0,,0,
1986971208448610304,,sl-20251108093706-10,0,0,,,,,,2025-11-08 09:37:06,,,53.46,,,0,,,2498,13758155135,,2025-11-08 09:37:06.8917302,,1762565826,1762565839,0,0,,0,0,,0,
1986972948459819008,,sl-20251108094401-11,0,0,,,,,,2025-11-08 09:44:01,,,19.74,,,0,,,2498,13758155135,,2025-11-08 09:44:01.7427727,,1762566241,1762566249,0,0,,0,0,,0,
1986979340969185280,,sl-20251108100925-12,0,0,,,,,,2025-11-08 10:09:25,,,19.17,,,0,,,2498,13758155135,,2025-11-08 10:09:25.835863,,1762567765,1762567780,0,0,,0,0,,0,
1986983147442671616,,sl-20251108102433-13,0,0,皖SP3G17,,,,,2025-11-08 10:24:33,,,8.07,,,0,,,2498,13758155135,,2025-11-08 10:24:33.3699862,,1762568673,1762568680,0,0,,0,0,,0,
1986984294698061824,,sl-20251108102906-14,0,0,,,,,,2025-11-08 10:29:06,,,63.96,,,0,,,2498,13758155135,,2025-11-08 10:29:06.8962708,,1762568946,1762568960,0,0,,0,0,,0,
1986992328992231424,,sl-20251108110102-15,0,0,,,,,,2025-11-08 11:01:02,,,20.74,,,0,,,2498,13758155135,,2025-11-08 11:01:02.4212516,,1762570862,1762570872,0,0,,0,0,,0,
1986993023556390912,,sl-20251108110348-16,0,0,,,,,,2025-11-08 11:03:48,,,51.17,,,0,,,2498,13758155135,,2025-11-08 11:03:48.0184894,,1762571028,1762571043,0,0,,0,0,,0,
1986998082197393408,,sl-20251108112354-17,0,0,,,,,,2025-11-08 11:23:54,,,18.93,,,0,,,2498,13758155135,,2025-11-08 11:23:54.0927649,,1762572234,1762572242,0,0,,0,0,,0,
1987002970411241472,,sl-20251108114319-18,0,0,,,,,,2025-11-08 11:43:19,,,17.84,,,0,,,2498,13758155135,,2025-11-08 11:43:19.5337044,,1762573399,1762573413,0,0,,0,0,,0,
1987009851053707264,,sl-20251108121040-19,0,0,,,,,,2025-11-08 12:10:40,,,0.12,,,0,,,2498,13758155135,,2025-11-08 12:10:40.0061995,,1762575040,1762575054,0,0,,0,0,,0,
1987016104026968064,,sl-20251108123530-20,0,0,,,,,,2025-11-08 12:35:30,,,18.78,,,0,,,2498,13758155135,,2025-11-08 12:35:30.8319653,,1762576530,1762576545,0,0,,0,0,,0,
1987030903142092800,,sl-20251108133419-21,0,0,,,,,,2025-11-08 13:34:19,,,57.1,,,0,,,2498,13758155135,,2025-11-08 13:34:19.2167301,,1762580059,1762580067,0,0,,0,0,,0,
1987034592166678528,,sl-20251108134858-22,0,0,浙A07321D,,,,,2025-11-08 13:48:58,2025-11-08 14:36:38,,43.7,16.38,27.32,0,2498,13758155135,2498,13758155135,1762583859,2025-11-08 13:48:58.7477283,2025-11-08 14:37:39.8882143,1762580938,1762580947,0,0,,0,0,,0,
1987036886119616512,,sl-20251108135805-23,0,0,浙AW58P2,,,,,2025-11-08 13:58:05,,,20.61,,,0,2498,13758155135,2498,13758155135,1762581814,2025-11-08 13:58:05.6698544,2025-11-08 14:03:34.7870521,1762581485,1762581497,0,0,,0,0,,0,
1987042639941341184,,sl-20251108142057-24,0,0,,,,,,2025-11-08 14:20:57,,,20.31,,,0,,,2498,13758155135,,2025-11-08 14:20:57.4868971,,1762582857,1762582874,0,0,,0,0,,0,
1987046585393090560,,sl-20251108143638-25,2,0,浙A07321D,,,,,2025-11-08 14:36:38,,,16.38,,,1,2498,13758155135,2498,13758155135,1762583858,2025-11-08 14:36:38.155124,2025-11-08 14:37:38.042433,1762583798,1762583808,0,0,,0,0,,0,
1987064193496518656,,sl-20251108154636-25,0,0,,,,,,2025-11-08 15:46:36,,,19.25,,,0,,,2498,13758155135,,2025-11-08 15:46:36.2547681,,1762587996,1762588017,0,0,,0,0,,0,
1987070044701593600,,sl-20251108160951-26,0,0,浙A16A03,,,,,2025-11-08 16:09:51,,,0.17,,,0,,,2498,13758155135,,2025-11-08 16:09:51.2909204,,1762589391,1762589401,0,0,,0,0,,0,
1987072694386036736,,sl-20251108162023-27,0,0,,,,,,2025-11-08 16:20:23,,,0.1,,,0,,,2498,13758155135,,2025-11-08 16:20:23.0247122,,1762590023,1762590032,0,0,,0,0,,0,
1987074012869693440,,sl-20251108162537-28,0,0,浙A16A03,,,,,2025-11-08 16:25:37,,,16.66,,,0,2498,13758155135,2498,13758155135,1762590378,2025-11-08 16:25:37.3754731,2025-11-08 16:26:18.6646839,1762590337,1762590344,0,0,,0,0,,0,
1987077517185519616,,sl-20251108163932-29,0,0,,,,,,2025-11-08 16:39:32,,,18.56,,,0,,,2498,13758155135,,2025-11-08 16:39:32.8698584,,1762591172,1762591182,0,0,,0,0,,0,
1987078740626247680,,sl-20251108164424-30,0,0,,,,,,2025-11-08 16:44:24,,,0.9,,,0,,,2498,13758155135,,2025-11-08 16:44:24.5600886,,1762591464,1762591473,0,0,,0,0,,0,
1987083803620937728,,sl-20251108170431-31,0,0,,,,,,2025-11-08 17:04:31,,,62.19,,,0,,,2498,13758155135,,2025-11-08 17:04:31.6729594,,1762592671,1762592683,0,0,,0,0,,0,
1987088763356057600,,sl-20251108172414-32,0,0,,,,,,2025-11-08 17:24:14,,,46.07,,,0,,,2498,13758155135,,2025-11-08 17:24:14.1653091,,1762593854,1762593864,0,0,,0,0,,0,
1987091165916303360,,sl-20251108173346-33,0,0,,,,,,2025-11-08 17:33:46,,,20.64,,,0,,,2498,13758155135,,2025-11-08 17:33:46.9804068,,1762594426,1762594434,0,0,,0,0,,0,
1987096083733549056,,sl-20251108175319-34,0,0,,,,,,2025-11-08 17:53:19,,,43.79,,,0,,,2498,13758155135,,2025-11-08 17:53:19.4792737,,1762595599,1762595607,0,0,,0,0,,0,
1987097282193002496,,sl-20251108175805-35,0,0,,,,,,2025-11-08 17:58:05,,,17.26,,,0,,,2498,13758155135,,2025-11-08 17:58:05.2158441,,1762595885,1762595895,0,0,,0,0,,0,
1987100699074367488,,sl-20251108181139-36,0,0,浙A06626D,,,,,2025-11-08 18:11:39,,,16.5,,,0,2498,13758155135,2498,13758155135,1762596768,2025-11-08 18:11:39.8625685,2025-11-08 18:12:48.0569202,1762596699,1762596708,0,0,,0,0,,0,
1987114616408379392,,sl-20251108190658-37,0,0,,,,,,2025-11-08 19:06:58,,,64.3,,,0,,,2498,13758155135,,2025-11-08 19:06:58.0132654,,1762600018,1762600028,0,0,,0,0,,0,
1987120051421057024,,sl-20251108192833-38,0,0,,,,,,2025-11-08 19:28:33,,,19.94,,,0,,,2498,13758155135,,2025-11-08 19:28:33.821711,,1762601313,1762601321,0,0,,0,0,,0,
1987122654691332096,,sl-20251108193854-39,0,0,,,,,,2025-11-08 19:38:54,,,32.38,,,0,,,2498,13758155135,,2025-11-08 19:38:54.4899219,,1762601934,1762601949,0,0,,0,0,,0,
1987127058509205504,,sl-20251108195624-40,0,0,,,,,,2025-11-08 19:56:24,,,16.09,,,0,,,2498,13758155135,,2025-11-08 19:56:24.4411247,,1762602984,1762602991,0,0,,0,0,,0,
1987368236756373504,,sl-20251109115445-001,0,0,,,,,,2025-11-09 11:54:45,,,46.1,,,0,,,2498,13758155135,,2025-11-09 11:54:45.8168868,,1762660485,1762660494,0,0,,0,0,,0,
1987398117259087872,,sl-20251109135329-002,0,0,,,,,,2025-11-09 13:53:29,,,16.15,,,0,,,2498,13758155135,,2025-11-09 13:53:29.8840033,,1762667609,1762667626,0,0,,0,0,,0,
1987416783157596160,,sl-20251109150740-003,0,0,,,,,,2025-11-09 15:07:40,,,39.09,,,0,,,2498,13758155135,,2025-11-09 15:07:40.1806433,,1762672060,1762672068,0,0,,0,0,,0,
1987439977922957312,,sl-20251109163950-004,0,0,浙A07321D,,,,,2025-11-09 16:39:50,,,15.81,,,0,,,2498,13758155135,,2025-11-09 16:39:50.2431547,,1762677590,1762677601,0,0,,0,0,,0,
1987798191793377280,,sl-20251110162315-001,0,0,皖CE0811,,,,,2025-11-10 16:23:15,2025-11-10 17:27:40.9590117,,56.7,38.47,18.23,0,2498,13758155135,2498,13758155135,1762766862,2025-11-10 16:23:15.0860952,2025-11-10 17:27:42.2261923,1762762995,1762766872,0,0,,0,0,,0,
1988140480860393472,,sl-20251111150323-001,2,0,浙ADS0377,,,,,2025-11-11 15:03:23,,,1.63,,,0,2498,13758155135,2498,13758155135,1762908066,2025-11-11 15:03:23.1586238,2025-11-12 08:41:06.3874496,1762844603,1762908067,0,0,,0,0,,0,
1988141302797176832,,sl-20251111150639-002,2,0,浙ADS0377,,,,,2025-11-11 15:06:39,,,1.63,,,0,2498,13758155135,2498,13758155135,1762908051,2025-11-11 15:06:39.1236246,2025-11-12 08:40:51.173537,1762844799,1762908052,0,0,,0,0,,0,
1988142311258853376,,sl-20251111151039-003,2,0,浙ADS0377,,,,,2025-11-11 15:10:39,,,1.63,,,0,2498,13758155135,2498,13758155135,1762846476,2025-11-11 15:10:39.559315,2025-11-11 15:34:36.4563267,1762845039,1762846477,0,0,,0,0,,0,
1988143471755661312,,sl-20251111151516-004,2,0,浙ADS0377,,,,,2025-11-11 15:15:16,,,1.63,,,0,2498,13758155135,2498,13758155135,1762846470,2025-11-11 15:15:16.2439333,2025-11-11 15:34:30.0612847,1762845316,1762846471,0,0,,0,0,,0,
1988426013394210816,,sl-20251112095759-001,0,0,浙JAQ5890,,,,,2025-11-12 09:57:59,,,20.08,,,0,,,2498,13758155135,,2025-11-12 09:57:59.4207098,,1762912679,1762912686,0,0,,0,0,,0,
1988439030467006464,,sl-20251112104942-002,0,0,浙A23H85,,,,,2025-11-12 10:49:42,,,24.68,,,0,,,2498,13758155135,,2025-11-12 10:49:42.9315242,,1762915782,1762915795,0,0,,0,0,,0,
1988489559738028032,,sl-20251112141030-003,0,0,浙A33J58,,,,,2025-11-12 14:10:30,,,27.21,,,0,,,2498,13758155135,,2025-11-12 14:10:30.048078,,1762927830,1762927838,0,0,,0,0,,0,
1988782945850232832,,sl-20251113093618-001,1,0,浙A0W976,,20,10,11.45,2025-11-13 09:36:18,2025-11-13 10:58:59.9940416,,42.15,19.25,22.9,0,2498,13758155135,2498,13758155135,1763007549,2025-11-13 09:36:18.7484246,2025-11-13 12:19:09.109209,1762997778,1763007551,0,0,,0,1,,1,
1988830013587329024,,sl-20251113124320-002,1,0,浙A88J95,,20,10,11.545,2025-11-13 12:43:20,2025-11-13 15:37:33.8974904,,37.92,14.83,23.09,0,2498,13758155135,2498,13758155135,1763019760,2025-11-13 12:43:20.5716907,2025-11-13 15:42:40.0018664,1763009000,1763019766,0,0,,0,1,,1,
1989115906822901760,,sl-20251114073922-001,1,0,浙A96H02,,26,13,14.79,2025-11-14 07:39:22,2025-11-14 09:14:31.9220204,,45.18,15.6,29.58,0,2498,13758155135,2498,13758155135,1763275872,2025-11-14 07:39:22.8309444,2025-11-16 14:51:12.256977,1763077162,1763275874,0,0,,0,1,,1,
1989154943684186112,,sl-20251114101429-002,1,0,浙A0W130,,10,5,5.46,2025-11-14 10:14:29,2025-11-14 10:42:08.0206347,,30.46,19.54,10.92,0,2498,13758155135,2498,13758155135,1763275940,2025-11-14 10:14:29.943453,2025-11-16 14:52:20.9903699,1763086469,1763275944,0,0,,0,1,,1,
1989202265042456576,,sl-20251114132232-003,0,0,浙A8Y5K6,,,,,2025-11-14 13:22:32,,,4.31,,,0,,,2498,13758155135,,2025-11-14 13:22:32.2355545,,1763097752,1763097758,0,0,,0,0,,0,
1989204845323751424,,sl-20251114133247-004,0,0,浙A0C9Y3,,0,0,0,2025-11-14 13:32:47,,,4.22,,,0,2498,13758155135,2498,13758155135,1763107679,2025-11-14 13:32:47.4216535,2025-11-14 16:07:59.9294461,1763098367,1763107687,0,0,,0,0,,1,
1989470469631381504,,sl-20251115070817-001,1,0,浙A26C52,,20,10,11.57,2025-11-15 07:08:17,2025-11-15 08:42:30.5699481,,39.25,16.11,23.14,0,2498,13758155135,2498,13758155135,1763275998,2025-11-15 07:08:17.1911357,2025-11-16 14:53:18.9169091,1763161697,1763276004,0,0,,0,1,,1,
1989509394748018688,,sl-20251115094257-002,1,0,浙A7T161,,5,2.5,2.595,2025-11-15 09:42:57,2025-11-15 10:09:49.4287219,,25.41,20.22,5.19,0,2498,13758155135,2498,13758155135,1763276034,2025-11-15 09:42:57.6623039,2025-11-16 14:53:54.6857787,1763170977,1763276044,0,0,,0,1,,1,
1989586319751385088,,sl-20251115144838-003,0,0,浙AW39F8,,,,,2025-11-15 14:48:38,,,5.12,,,0,,,2498,13758155135,,2025-11-15 14:48:38.0122874,,1763189318,1763189327,0,0,,0,0,,0,
1989977871212482560,,sl-20251116164431-001,0,0,浙A8Y5K6,,,,,2025-11-16 16:44:31,,,3.57,,,0,,,2498,13758155135,,2025-11-16 16:44:31.1571718,,1763282671,1763282678,0,0,,0,0,,0,
1989981704542097408,,sl-20251116165945-002,0,0,浙A0C9Y3,,,,,2025-11-16 16:59:45,2025-11-16 17:08:01.9040886,,20.43,7.45,12.98,0,2498,13758155135,2498,13758155135,1763284082,2025-11-16 16:59:45.0929769,2025-11-16 17:08:02.64818,1763283585,1763284088,0,0,,0,0,,0,
1990291515561349120,,sl-20251117133049-001,0,0,浙A11E38,,,,,2025-11-17 13:30:49,,,2.88,,,0,2498,13758155135,2498,13758155135,1763357536,2025-11-17 13:30:49.795058,2025-11-17 13:32:16.1093107,1763357449,1763357462,0,0,,0,0,,0,
1990299216509014016,,sl-20251117140125-002,0,0,浙A11E38,,,,,2025-11-17 14:01:25,,,19.86,,,0,,,2498,13758155135,,2025-11-17 14:01:25.84454,,1763359285,1763359291,0,0,,0,0,,0,
1990918110881910784,,sl-20251119070041-001,0,0,浙A26B83,,,,,2025-11-19 07:00:41,,,45.76,,,0,,,2498,13758155135,,2025-11-19 07:00:41.7612496,,1763506841,1763506854,0,0,,0,0,,0,
1990918984165363712,,sl-20251119070409-002,1,0,浙A87H22,,30.16,13,12.8147,2025-11-19 07:04:09,2025-11-19 07:18:35.020991,,45.21,15.48,29.73,0,2498,13758155135,2498,13758155135,1763508018,2025-11-19 07:04:09.9686545,2025-11-19 07:20:18.9641698,1763507049,1763508024,0,0,,0,2,,1,
1990919623813500928,,sl-20251119070642-003,1,0,浙A07321D,,27.84,12,11.7716,2025-11-19 07:06:42,2025-11-19 07:36:08.9296238,,43.58,16.27,27.31,0,2498,13758155135,2498,13758155135,1763511337,2025-11-19 07:06:42.4726419,2025-11-19 08:15:37.7118476,1763507202,1763511346,0,0,,0,2,,1,
1990921384620068864,,sl-20251119071342-004,0,0,浙A33J58,,,,,2025-11-19 07:13:42,,,4.08,,,0,,,2498,13758155135,,2025-11-19 07:13:42.2812369,,1763507622,1763507634,0,0,,0,0,,0,
1990921918135537664,,sl-20251119071549-005,1,0,浙A6X055,,41.76,18,17.7845,2025-11-19 07:15:49,2025-11-19 07:48:08.2018068,,62.08,20.82,41.26,0,2498,13758155135,2498,13758155135,1763510069,2025-11-19 07:15:49.4813002,2025-11-19 07:54:29.3607676,1763507749,1763510076,0,0,,0,2,,1,
1990923471458275328,,sl-20251119072159-006,1,0,浙A5W907,,41.76,18,24.6983,2025-11-19 07:21:59,2025-11-19 08:00:06.5117619,,61.87,4.57,57.3,0,2498,13758155135,2498,13758155135,1763511415,2025-11-19 07:21:59.8226855,2025-11-19 08:16:55.6552326,1763508119,1763511417,0,0,,0,1,,1,
1990924189552480256,,sl-20251119072451-007,1,0,浙A35050D,,27.84,12,11.5991,2025-11-19 07:24:51,2025-11-19 08:01:56.665042,,44.12,17.21,26.91,0,2498,13758155135,2498,13758155135,1763510983,2025-11-19 07:24:51.0296467,2025-11-19 08:09:43.352491,1763508291,1763510986,1,0,,0,3,1,1,
1990926490279219200,,sl-20251119073359-008,1,0,湘A27E12,,41.76,18,18.2155,2025-11-19 07:33:59,2025-11-19 08:11:28,,45.09,2.83,42.26,0,2498,13758155135,2498,13758155135,1763511495,2025-11-19 07:33:59.5650219,2025-11-19 08:18:15.5832406,1763508839,1763511497,0,0,,0,1,,1,
1990927919077265408,,sl-20251119073940-009,0,0,浙A15E82,,,,,2025-11-19 07:39:40,,,43.47,,,0,,,2498,13758155135,,2025-11-19 07:39:40.2171435,,1763509180,1763509185,0,0,,0,0,,0,
1990932301571297280,,sl-20251119075705-10,0,0,浙A5U959,,,,,2025-11-19 07:57:05,2025-11-19 08:30:09.6448675,,63.09,3.56,59.53,0,2498,13758155135,2498,13758155135,1763512210,2025-11-19 07:57:05.0853662,2025-11-19 08:30:10.2658235,1763510225,1763512217,0,0,,0,0,,0,
1990935921708634112,,sl-20251119081128-11,2,0,湘A27E12,,,,,2025-11-19 08:11:28,,,2.83,,,1,2498,13758155135,2498,13758155135,1763511149,2025-11-19 08:11:28.1932829,2025-11-19 08:12:29.1935528,1763511088,1763511096,0,0,,0,0,,0,
1990939040563728384,,sl-20251119082351-11,1,0,浙A03060D,,27.84,12,11.8147,2025-11-19 08:23:51,2025-11-19 08:47:40.8327894,,45.04,17.63,27.41,0,2498,13758155135,2498,13758155135,1763513559,2025-11-19 08:23:51.7869589,2025-11-19 08:52:39.3095695,1763511831,1763513568,0,0,,0,2,,1,
1990941322743255040,,sl-20251119083255-12,0,0,浙A0U866,,,,,2025-11-19 08:32:55,,,19.17,,,0,,,2498,13758155135,,2025-11-19 08:32:55.9007086,,1763512375,1763512387,0,0,,0,0,,0,
1990945463548907520,,sl-20251119084923-13,0,0,浙A03199D,,,,,2025-11-19 08:49:23,,,44.99,,,0,,,2498,13758155135,,2025-11-19 08:49:23.1453931,,1763513363,1763513368,0,0,,0,0,,0,
1990947019874766848,,sl-20251119085534-14,1,0,浙A36968D,,32.48,14,13.9009,2025-11-19 08:55:34,2025-11-19 09:19:06.0851221,,49.98,17.73,32.25,0,2498,13758155135,2498,13758155135,1763516243,2025-11-19 08:55:34.202683,2025-11-19 09:37:23.6298894,1763513734,1763516250,0,0,,0,2,,1,
1990952089051860992,,sl-20251119091542-15,1,0,浙A8T102,,34.8,15,14.9483,2025-11-19 09:15:42,2025-11-19 09:35:08.9308546,,54.38,19.7,34.68,0,2498,13758155135,2498,13758155135,1763516194,2025-11-19 09:15:42.7886905,2025-11-19 09:36:34.9629284,1763514942,1763516200,0,0,,0,2,,1,
1990954439485296640,,sl-20251119092503-16,1,0,浙A68J83,,41.76,18,18.3103,2025-11-19 09:25:03,2025-11-19 09:41:05,,45.1,2.62,42.48,0,2498,13758155135,2498,13758155135,1763591570,2025-11-19 09:25:03.1759575,2025-11-20 06:32:50.4212973,1763515503,1763591577,0,0,,0,1,,1,
1990958475705978880,,sl-20251119094105-17,2,0,浙A68J83,,0,0,0,2025-11-19 09:41:05,,,2.62,,,1,2498,13758155135,2498,13758155135,1763518708,2025-11-19 09:41:05.4868547,2025-11-19 10:18:28.6141365,1763516465,1763516472,0,0,,0,0,,1,
1990959113860943872,,sl-20251119094337-18,1,0,浙A7W660,,44.08,19,19.0302,2025-11-19 09:43:37,2025-11-19 10:10:30.8432058,,64.44,20.29,44.15,0,2498,13758155135,2498,13758155135,1763518308,2025-11-19 09:43:37.6331896,2025-11-19 10:11:48.938627,1763516617,1763518311,0,0,,0,1,,1,
1990962284280811520,,sl-20251119095613-19,0,0,浙A2T030,,,,,2025-11-19 09:56:13,,,56.91,,,0,,,2498,13758155135,,2025-11-19 09:56:13.5208573,,1763517373,1763517381,0,0,,0,0,,0,
1990966604980162560,,sl-20251119101323-20,1,0,浙A86A72,,34.8,15,20.8664,2025-11-19 10:13:23,2025-11-19 10:40:44,,52.94,4.53,48.41,0,2498,13758155135,2498,13758155135,1763593212,2025-11-19 10:13:23.6550034,2025-11-20 07:00:12.781958,1763518403,1763593219,0,0,,0,1,,1,
1990967393807110144,,sl-20251119101631-21,0,0,浙A35A62,,,,,2025-11-19 10:16:31,,,52.06,,,0,,,2498,13758155135,,2025-11-19 10:16:31.7269064,,1763518591,1763518601,0,0,,0,0,,0,
1990967939389591552,,sl-20251119101841-21,0,0,,,,,,2025-11-19 10:18:41,,,4.9,,,0,,,2498,13758155135,,2025-11-19 10:18:41.8030344,,1763518721,1763518727,0,0,,0,0,,0,
1990968708490727424,,sl-20251119102145-22,0,0,浙A16A03,,,,,2025-11-19 10:21:45,,,16.52,,,0,,,2498,13758155135,,2025-11-19 10:21:45.1716596,,1763518905,1763518913,0,0,,0,0,,0,
1990969652708249600,,sl-20251119102530-23,0,0,浙A31C19,,,,,2025-11-19 10:25:30,,,51.26,,,0,,,2498,13758155135,,2025-11-19 10:25:30.2901948,,1763519130,1763519142,0,0,,0,0,,0,
1990970935657762816,,sl-20251119103036-24,1,0,浙A9W899,,34.8,15,14.7629,2025-11-19 10:30:36,2025-11-19 10:49:21.0142252,,53.49,19.24,34.25,0,2498,13758155135,2498,13758155135,1763591594,2025-11-19 10:30:36.1696808,2025-11-20 06:33:14.2215517,1763519436,1763591596,0,0,,0,2,,1,
1990972139230072832,,sl-20251119103523-25,0,0,浙A6X055,,,,,2025-11-19 10:35:23,,,61.98,,,0,,,2498,13758155135,,2025-11-19 10:35:23.1232445,,1763519723,1763519733,0,0,,0,0,,0,
1990973487782694912,,sl-20251119104044-26,2,0,浙A86A72,,,,,2025-11-19 10:40:44,,,4.53,,,1,2498,13758155135,2498,13758155135,1763520139,2025-11-19 10:40:44.6430388,2025-11-19 10:42:19.0524883,1763520044,1763520053,0,0,,0,0,,0,
1990976461359681536,,sl-20251119105233-26,1,0,浙A5U234,,44.08,19,18.5862,2025-11-19 10:52:33,2025-11-19 11:17:54.1092859,,63.4,20.28,43.12,0,2498,13758155135,2498,13758155135,1763527152,2025-11-19 10:52:33.5990448,2025-11-19 12:39:12.9173457,1763520753,1763527158,0,0,,0,2,,1,
1990978205565194240,,sl-20251119105929-27,0,0,浙A33107D,,,,,2025-11-19 10:59:29,,,5.68,,,0,,,2498,13758155135,,2025-11-19 10:59:29.4503606,,1763521169,1763521174,0,0,,0,0,,0,
1990979413977731072,,sl-20251119110417-28,1,0,浙A0W980,,34.8,15,14.6207,2025-11-19 11:04:17,2025-11-19 11:30:22.2609899,,53.38,19.46,33.92,0,2498,13758155135,2498,13758155135,1763525400,2025-11-19 11:04:17.5580636,2025-11-19 12:10:00.1760802,1763521457,1763525409,0,0,,0,2,,1,
1990982148340977664,,sl-20251119111509-29,0,0,浙A0U866,,,,,2025-11-19 11:15:09,,,19.24,,,0,,,2498,13758155135,,2025-11-19 11:15:09.4813402,,1763522109,1763522114,0,0,,0,0,,0,
1990984781696995328,,sl-20251119112537-30,1,0,浙A8W658,,34.8,15,14.6595,2025-11-19 11:25:37,2025-11-19 14:48:38.1892578,,53.6,19.59,34.01,0,2498,13758155135,2498,13758155135,1763591631,2025-11-19 11:25:37.3224628,2025-11-20 06:33:51.5047384,1763522737,1763591636,0,0,,0,2,,1,
1990987211620880384,,sl-20251119113516-31,0,0,浙A0U866,,,,,2025-11-19 11:35:16,2025-11-19 14:22:04.0886874,,19.21,4.45,14.76,0,2498,13758155135,2498,13758155135,1763533324,2025-11-19 11:35:16.6623412,2025-11-19 14:22:04.7356052,1763523316,1763533334,0,0,,0,0,,0,
1990989069475254272,,sl-20251119114239-32,0,0,浙A07116D,,,,,2025-11-19 11:42:39,,,45.73,,,0,,,2498,13758155135,,2025-11-19 11:42:39.6085884,,1763523759,1763523765,0,0,,0,0,,0,
1990989484602298368,,sl-20251119114418-33,0,0,,,,,,2025-11-19 11:44:18,,,4.8,,,0,,,2498,13758155135,,2025-11-19 11:44:18.5824836,,1763523858,1763523865,0,0,,0,0,,0,
1990989884986363904,,sl-20251119114554-34,1,0,浙A33725D,,32.48,14,13.8793,2025-11-19 11:45:54,2025-11-19 12:10:11.5497963,,50.03,17.83,32.2,0,2498,13758155135,2498,13758155135,1763591668,2025-11-19 11:45:54.041143,2025-11-20 06:34:28.7756869,1763523954,1763591676,0,0,,0,2,,1,
1990992339400790016,,sl-20251119115539-35,0,0,,,,,,2025-11-19 11:55:39,,,4.07,,,0,,,2498,13758155135,,2025-11-19 11:55:39.2193129,,1763524539,1763524546,0,0,,0,0,,0,
1990997638736121856,,sl-20251119121642-36,1,0,浙A55J12,,30.16,13,12.8534,2025-11-19 12:16:42,2025-11-19 12:34:12.8996405,,45.17,15.35,29.82,0,2498,13758155135,2498,13758155135,1763526958,2025-11-19 12:16:42.6794251,2025-11-19 12:35:58.6058391,1763525802,1763526968,0,0,,0,2,,1,
1991001655847555072,,sl-20251119123240-37,0,0,浙A0W130,,,,,2025-11-19 12:32:40,,,53.79,,,0,,,2498,13758155135,,2025-11-19 12:32:40.4332468,,1763526760,1763526768,0,0,,0,0,,0,
1991006414625181696,,sl-20251119125135-38,0,0,浙A32260D,,,,,2025-11-19 12:51:35,,,19.55,,,0,,,2498,13758155135,,2025-11-19 12:51:35.0148161,,1763527895,1763527900,0,0,,0,0,,0,
1991009981918482432,,sl-20251119130545-39,0,0,浙A33111D,,,,,2025-11-19 13:05:45,,,18.07,,,0,,,2498,13758155135,,2025-11-19 13:05:45.523434,,1763528745,1763528750,0,0,,0,0,,0,
1991011950200492032,,sl-20251119131334-40,0,0,浙A33389D,,,,,2025-11-19 13:13:34,,,18.26,,,0,,,2498,13758155135,,2025-11-19 13:13:34.7987333,,1763529214,1763529222,0,0,,0,0,,0,
1991015243249225728,,sl-20251119132639-41,0,0,,,,,,2025-11-19 13:26:39,,,18.67,,,0,,,2498,13758155135,,2025-11-19 13:26:39.9238911,,1763529999,1763530010,0,0,,0,0,,0,
1991015733311705088,,sl-20251119132836-42,0,0,,,,,,2025-11-19 13:28:36,,,8.8,,,0,,,2498,13758155135,,2025-11-19 13:28:36.7624519,,1763530116,1763530121,0,0,,0,0,,0,
1991024675525890048,,sl-20251119140408-43,0,0,浙A35159D,,,,,2025-11-19 14:04:08,,,51.03,,,0,,,2498,13758155135,,2025-11-19 14:04:08.7522814,,1763532248,1763532261,0,0,,0,0,,0,
1991030583689613312,,sl-20251119142737-44,0,0,,,,,,2025-11-19 14:27:37,,,4.68,,,0,,,2498,13758155135,,2025-11-19 14:27:37.368242,,1763533657,1763533663,0,0,,0,0,,0,
1991031199568629760,,sl-20251119143004-45,1,0,浙A32693D,,32.48,14,13.8836,2025-11-19 14:30:04,2025-11-19 14:50:37.6677001,,50.18,17.97,32.21,0,2498,13758155135,2498,13758155135,1763536357,2025-11-19 14:30:04.2055192,2025-11-19 15:12:37.6828647,1763533804,1763536363,0,0,,0,2,,1,
1991034626440826880,,sl-20251119144341-46,1,0,浙A5U959,,41.76,18,17.6767,2025-11-19 14:43:41,2025-11-19 15:10:21.8131548,,61.56,20.55,41.01,0,2498,13758155135,2498,13758155135,1763536333,2025-11-19 14:43:41.2356042,2025-11-19 15:12:13.8376801,1763534621,1763536343,0,0,,0,2,,1,
1991037049184063488,,sl-20251119145318-47,0,0,浙A6Y787,,,,,2025-11-19 14:53:18,,,51.34,,,0,,,2498,13758155135,,2025-11-19 14:53:18.862009,,1763535198,1763535208,0,0,,0,0,,0,
1991040302219137024,,sl-20251119150614-48,1,0,浙A62J59,,30.16,13,12.806,2025-11-19 15:06:14,2025-11-19 15:24:46.1243283,,45.01,15.3,29.71,0,2498,13758155135,2498,13758155135,1763537767,2025-11-19 15:06:14.4461087,2025-11-19 15:36:07.6198382,1763535974,1763537774,0,0,,0,2,,1,
1991043884771315712,,sl-20251119152028-49,1,0,浙A6W582,,41.76,18,18.0517,2025-11-19 15:20:28,2025-11-19 15:58:39.7731117,,61.86,19.98,41.88,0,2498,13758155135,2498,13758155135,1763591688,2025-11-19 15:20:28.5934883,2025-11-20 06:34:48.6976151,1763536828,1763591696,0,0,,0,1,,1,
1991046863897366528,,sl-20251119153218-50,1,0,浙A9W899,,34.8,15,14.8233,2025-11-19 15:32:18,2025-11-19 15:47:19.6623059,,53.95,19.56,34.39,0,2498,13758155135,2498,13758155135,1763591741,2025-11-19 15:32:18.8726483,2025-11-20 06:35:41.2679224,1763537538,1763591746,0,0,,0,2,,1,
1991049544305086464,,sl-20251119154257-51,0,0,浙A86A72,,,,,2025-11-19 15:42:57,,,52.84,,,0,,,2498,13758155135,,2025-11-19 15:42:57.9315299,,1763538177,1763538185,0,0,,0,0,,0,
1991050141561393152,,sl-20251119154520-52,1,0,浙A9X975,,41.76,18,17.9741,2025-11-19 15:45:20,2025-11-19 16:13:59.4371399,,62.02,20.32,41.7,0,2498,13758155135,2498,13758155135,1763591759,2025-11-19 15:45:20.3286704,2025-11-20 06:35:59.226804,1763538320,1763591766,0,0,,0,2,,1,
1991051898777636864,,sl-20251119155219-53,1,0,浙A7W539,,41.76,18,17.8534,2025-11-19 15:52:19,2025-11-19 16:19:28.1568504,,62.95,21.53,41.42,0,2498,13758155135,2498,13758155135,1763591786,2025-11-19 15:52:19.2813221,2025-11-20 06:36:26.5824352,1763538739,1763591796,0,0,,0,2,,1,
1991052765912240128,,sl-20251119155546-54,0,0,浙A16A03,,0,0,0,2025-11-19 15:55:46,,,5.53,,,0,2498,13758155135,2498,13758155135,1763547664,2025-11-19 15:55:46.0224837,2025-11-19 18:21:04.1216714,1763538946,1763547670,0,0,,0,0,,1,
1991054860220502016,,sl-20251119160405-55,1,0,浙A91F63,,29,12.5,12.25,2025-11-19 16:04:05,2025-11-19 16:27:47.0688531,,43.81,15.39,28.42,0,2498,13758155135,2498,13758155135,1763591975,2025-11-19 16:04:05.3446159,2025-11-20 06:39:35.4215612,1763539445,1763591977,0,0,,0,2,,1,
1991055724834328576,,sl-20251119160731-56,1,0,浙A5W907,,46.4,20,24.1681,2025-11-19 16:07:31,2025-11-19 16:41:43,,62.05,5.98,56.07,0,2498,13758155135,2498,13758155135,1763592146,2025-11-19 16:07:31.484148,2025-11-20 06:42:26.0867159,1763539651,1763592148,0,0,,0,1,,1,
1991056283284934656,,sl-20251119160944-57,1,0,浙A1V958,,41.76,18,17.7672,2025-11-19 16:09:44,2025-11-19 16:44:09.5358324,,62.06,20.84,41.22,0,2498,13758155135,2498,13758155135,1763592174,2025-11-19 16:09:44.6292702,2025-11-20 06:42:54.1901985,1763539784,1763592178,0,0,,0,2,,1,
1991059927187197952,,sl-20251119162413-58,1,0,浙A35A62,,39.44,17,17.1681,2025-11-19 16:24:13,2025-11-19 16:59:20.0427157,,56.97,17.14,39.83,0,2498,13758155135,2498,13758155135,1763592223,2025-11-19 16:24:13.4036847,2025-11-20 06:43:43.6624325,1763540653,1763592228,0,0,,0,1,,1,
1991063822500237312,,sl-20251119163942-59,1,0,浙A59J12,,29,12.5,12.2371,2025-11-19 16:39:42,2025-11-19 17:12:25.7119576,,44.34,15.95,28.39,0,2498,13758155135,2498,13758155135,1763592248,2025-11-19 16:39:42.1181448,2025-11-20 06:44:08.5814184,1763541582,1763592258,0,0,,0,2,,1,
1991064333546819584,,sl-20251119164143-60,2,0,浙A5W907,,0,0,0,2025-11-19 16:41:43,,,5.98,,,1,2498,13758155135,2498,13758155135,1763547633,2025-11-19 16:41:43.9622714,2025-11-19 18:20:33.5214735,1763541703,1763541717,0,0,,0,0,,1,
1991065502193160192,,sl-20251119164622-61,1,0,浙A0U866,,34.8,15,14.8879,2025-11-19 16:46:22,2025-11-19 17:14:45.0298856,,53.79,19.25,34.54,0,2498,13758155135,2498,13758155135,1763593272,2025-11-19 16:46:22.588108,2025-11-20 07:01:12.8928956,1763541982,1763593279,0,0,,0,2,,1,
1991067479136407552,,sl-20251119165413-62,1,0,浙A9W336,,44.08,19,18.6121,2025-11-19 16:54:13,2025-11-19 17:36:11.9322973,,64.51,21.33,43.18,0,2498,13758155135,2498,13758155135,1763593334,2025-11-19 16:54:13.928018,2025-11-20 07:02:14.8619461,1763542453,1763593339,0,0,,0,2,,1,
1991067978359246848,,sl-20251119165612-63,0,0,浙A8N2B7,,,,,2025-11-19 16:56:12,,,4.1,,,0,,,2498,13758155135,,2025-11-19 16:56:12.9527398,,1763542572,1763542577,0,0,,0,0,,0,
1991069457526689792,,sl-20251119170205-64,1,0,浙A39329D,,32.48,14,13.9397,2025-11-19 17:02:05,2025-11-19 17:28:18.8181402,,50.1,17.76,32.34,0,2498,13758155135,2498,13758155135,1763593359,2025-11-19 17:02:05.6138888,2025-11-20 07:02:39.7575571,1763542925,1763593369,0,0,,0,2,,1,
1991070909271773184,,sl-20251119170751-65,1,0,浙A5U234,,44.08,19,18.6336,2025-11-19 17:07:51,2025-11-19 17:50:37,,63.56,20.33,43.23,0,2498,13758155135,2498,13758155135,1763593418,2025-11-19 17:07:51.7364557,2025-11-20 07:03:38.6843397,1763543271,1763593429,0,0,,0,2,,1,
1991074169844011008,,sl-20251119172049-66,1,0,浙A35531D,,25.52,11,10.9052,2025-11-19 17:20:49,2025-11-19 17:56:24,,45.06,19.76,25.3,0,2498,13758155135,2498,13758155135,1763593463,2025-11-19 17:20:49.1177704,2025-11-20 07:04:23.0520068,1763544049,1763593469,0,0,,0,2,,1,
1991077446354604032,,sl-20251119173350-67,0,0,浙A56F22,,,,,2025-11-19 17:33:50,,,45.69,,,0,,,2498,13758155135,,2025-11-19 17:33:50.2983042,,1763544830,1763544839,0,0,,0,0,,0,
1991080509907800064,,sl-20251119174600-68,0,0,浙A6X055,,,,,2025-11-19 17:46:00,,,20.79,,,0,,,2498,13758155135,,2025-11-19 17:46:00.7068123,,1763545560,1763545569,0,0,,0,0,,0,
1991081670043897856,,sl-20251119175037-69,2,0,浙A5U234,,0,0,0,2025-11-19 17:50:37,,,20.33,,,1,2498,13758155135,2498,13758155135,1763547528,2025-11-19 17:50:37.3042031,2025-11-19 18:18:48.3494156,1763545837,1763545849,0,0,,0,0,,1,
1991083126448852992,,sl-20251119175624-70,2,0,浙A35531D,,0,0,0,2025-11-19 17:56:24,,,19.76,,,1,2498,13758155135,2498,13758155135,1763547572,2025-11-19 17:56:24.5383452,2025-11-19 18:19:32.1108863,1763546184,1763546189,0,0,,0,0,,1,
1991086875133218816,,sl-20251119181118-71,0,0,浙AD30600,,,,,2025-11-19 18:11:18,,,17.64,,,0,,,2498,13758155135,,2025-11-19 18:11:18.2944608,,1763547078,1763547090,0,0,,0,0,,0,
1991089453522882560,,sl-20251119182133-69,0,0,浙AD73210,,,,,2025-11-19 18:21:33,,,44.28,,,0,,,2498,13758155135,,2025-11-19 18:21:33.0308765,,1763547693,1763547700,0,0,,0,0,,0,
1991092297315520512,,sl-20251119183251-70,1,0,浙A33111D,,32.48,14,14.1509,2025-11-19 18:32:51,2025-11-19 18:59:17.6643436,,50.37,17.54,32.83,0,2498,13758155135,2498,13758155135,1763593489,2025-11-19 18:32:51.0433465,2025-11-20 07:04:49.8283262,1763548371,1763593500,0,0,,0,1,,1,
1991094166288994304,,sl-20251119184016-71,0,0,浙A07321D,,,,,2025-11-19 18:40:16,,,16.07,,,0,,,2498,13758155135,,2025-11-19 18:40:16.6415532,,1763548816,1763548822,0,0,,0,0,,0,
1991096878653116416,,sl-20251119185103-72,0,0,浙A9T379,,,,,2025-11-19 18:51:03,,,14.85,,,0,2498,13758155135,2498,13758155135,1763549499,2025-11-19 18:51:03.3191194,2025-11-19 18:51:39.8825173,1763549463,1763549472,0,0,,0,0,,0,
1991097181884518400,,sl-20251119185215-73,0,0,,,,,,2025-11-19 18:52:15,,,54.24,,,0,,,2498,13758155135,,2025-11-19 18:52:15.6169933,,1763549535,1763549542,0,0,,0,0,,0,
1991097800208814080,,sl-20251119185443-74,1,0,浙A7U362,,44.08,19,20.7586,2025-11-19 18:54:43,2025-11-19 19:20:55,,51.98,3.82,48.16,0,2498,13758155135,2498,13758155135,1763593588,2025-11-19 18:54:43.0350114,2025-11-20 07:06:28.1729596,1763549683,1763593593,0,0,,0,1,,1,
1991100339096522752,,sl-20251119190448-75,1,0,浙A17A63,,34.8,15,14.8276,2025-11-19 19:04:48,2025-11-19 19:24:10.7215473,,51.32,16.92,34.4,0,2498,13758155135,2498,13758155135,1763593522,2025-11-19 19:04:48.3531549,2025-11-20 07:05:22.9108144,1763550288,1763593530,0,0,,0,2,,1,
1991101134634356736,,sl-20251119190758-76,0,0,,,,,,2025-11-19 19:07:58,,,19.99,,,0,,,2498,13758155135,,2025-11-19 19:07:58.0246181,,1763550478,1763550486,0,0,,0,0,,0,
1991102064662548480,,sl-20251119191139-77,0,0,浙A9T379,,,,,2025-11-19 19:11:39,,,20.12,,,0,,,2498,13758155135,,2025-11-19 19:11:39.7606351,,1763550699,1763550706,0,0,,0,0,,0,
1991104394925576192,,sl-20251119192055-78,2,0,浙A7U362,,,,,2025-11-19 19:20:55,,,3.82,,,1,2498,13758155135,2498,13758155135,1763551377,2025-11-19 19:20:55.3386618,2025-11-19 19:22:57.3491827,1763551255,1763551263,0,0,,0,0,,0,
1991107257877794816,,sl-20251119193217-78,1,0,浙A0U866,,34.8,15,14.8621,2025-11-19 19:32:17,2025-11-19 19:52:29.6984382,,53.59,19.11,34.48,0,2498,13758155135,2498,13758155135,1763593543,2025-11-19 19:32:17.9190717,2025-11-20 07:05:43.3595048,1763551937,1763593550,0,0,,0,2,,1,
1991118057795358720,,sl-20251119201512-79,0,0,浙A51A91,,,,,2025-11-19 20:15:12,,,52.83,,,0,,,2498,13758155135,,2025-11-19 20:15:12.820928,,1763554512,1763554519,0,0,,0,0,,0,
1991121953905315840,,sl-20251119203041-80,0,0,新A51A91,,,,,2025-11-19 20:30:41,,,18.09,,,0,,,2498,13758155135,,2025-11-19 20:30:41.725653,,1763555441,1763555446,0,0,,0,0,,0,
1991125030750261248,,sl-20251119204255-81,1,0,浙A9W899,,34.8,15,14.7759,2025-11-19 20:42:55,2025-11-19 21:10:03.3423253,,53.16,18.88,34.28,0,2498,13758155135,2498,13758155135,1763593559,2025-11-19 20:42:55.3021169,2025-11-20 07:05:59.616473,1763556175,1763593570,0,0,,0,2,,1,
1991148406936047616,,sl-20251119221548-82,0,0,浙A0U879,,,,,2025-11-19 22:15:48,,,31.82,,,0,,,2498,13758155135,,2025-11-19 22:15:48.6192726,,1763561748,1763561761,0,0,,0,0,,0,
1991278909936766976,,sl-20251120065422-001,0,0,浙A5GJ30,,,,,2025-11-20 06:54:22,,,1.4,,,0,,,2498,13758155135,,2025-11-20 06:54:22.9591418,,1763592862,1763592868,0,0,,0,0,,0,
1991284686239961088,,sl-20251120071720-002,0,0,冀A6755A,,,,,2025-11-20 07:17:20,,,1.85,,,0,,,2498,13758155135,,2025-11-20 07:17:20.1371199,,1763594240,1763594245,0,0,,0,0,,0,
1991373188365422592,,sl-20251120130900-003,1,0,浙A59J12,,13.68,6,5.9605,2025-11-20 13:09:00,2025-11-20 14:41:29.7239098,,29.66,16.07,13.59,0,2498,13758155135,2498,13758155135,1763620989,2025-11-20 13:09:00.6883518,2025-11-20 14:43:09.064059,1763615340,1763620994,0,0,,0,2,,1,
1991802054917623808,,sl-20251121173310-001,0,0,浙ACZ3015,,,,,2025-11-21 17:33:10,,,1.17,,,0,,,2498,13758155135,,2025-11-21 17:33:10.4432199,,1763717590,1763717597,0,0,,0,0,,0,
1992455156150702080,,sl-20251123124821-001,0,0,浙A35159D,,,,,2025-11-23 12:48:21,,,46.38,,,0,,,2498,13758155135,,2025-11-23 12:48:21.9105082,,1763873301,1763873307,0,0,,0,0,,0,
1992473186637320192,,sl-20251123140000-002,0,0,皖LG5582,,,,,2025-11-23 14:00:00,,,53.14,,,0,,,2498,13758155135,,2025-11-23 14:00:00.7131491,,1763877600,1763877611,0,0,,0,0,,0,
1992497076071698432,,sl-20251123153456-003,1,0,浙A8W658,,29.64,13,13.4035,2025-11-23 15:34:56,2025-11-23 17:05:02.6418817,,46.67,16.11,30.56,0,2498,13758155135,2498,13758155135,1763937083,2025-11-23 15:34:56.3981176,2025-11-24 06:31:23.3453955,1763883296,1763937090,0,0,,0,1,,1,
1992773577006518272,,sl-20251124095339-001,0,0,湘A78K19,,,,,2025-11-24 09:53:39,,,40.28,,,0,,,2498,13758155135,,2025-11-24 09:53:39.3588332,,1763949219,1763949226,0,0,,0,0,,0,
1992790753327321088,,sl-20251124110154-002,0,0,浙A66BD0,,,,,2025-11-24 11:01:54,,,49.4,,,0,,,2498,13758155135,,2025-11-24 11:01:54.5122056,,1763953314,1763953320,0,0,,0,0,,0,
1992796731460423680,,sl-20251124112539-003,0,0,浙AQ661X,,,,,2025-11-24 11:25:39,,,2.92,,,0,2498,13758155135,2498,13758155135,1763955075,2025-11-24 11:25:39.8104681,2025-11-24 11:31:15.5775622,1763954739,1763954746,0,0,,0,0,,0,
1992799079456968704,,sl-20251124113459-004,0,0,浙A66B00,,,,,2025-11-24 11:34:59,,,9.53,,,0,,,2498,13758155135,,2025-11-24 11:34:59.6168259,,1763955299,1763955304,0,0,,0,0,,0,
1992800189752152064,,sl-20251124113924-005,0,0,浙AQ661X,,,,,2025-11-24 11:39:24,,,3.55,,,0,,,2498,13758155135,,2025-11-24 11:39:24.3318849,,1763955564,1763955570,0,0,,0,0,,0,
1992866541506531328,,sl-20251124160303-006,0,0,浙A0U866,,,,,2025-11-24 16:03:03,,,53.34,,,0,,,2498,13758155135,,2025-11-24 16:03:03.8224041,,1763971383,1763971390,0,0,,0,0,,0,
1993137323939860480,,sl-20251125095903-001,0,0,浙AW3N16,,,,,2025-11-25 09:59:03,,,1.62,,,0,,,2498,13758155135,,2025-11-25 09:59:03.3858917,,1764035943,1764035948,0,0,,0,0,,0,
1993149429858832384,,sl-20251125104709-002,0,0,浙A1V9F0,,,,,2025-11-25 10:47:09,,,1.11,,,0,,,2498,13758155135,,2025-11-25 10:47:09.6616541,,1764038829,1764038846,0,0,,0,0,,0,
1993155110645141504,,sl-20251125110944-003,0,0,浙A1V9F0,,,,,2025-11-25 11:09:44,,,1.11,,,0,,,2498,13758155135,,2025-11-25 11:09:44.0663008,,1764040184,1764040197,0,0,,0,0,,0,
1993500176366571520,,sl-20251126100054-001,0,0,浙AW39F8,,,,,2025-11-26 10:00:54,,,7.57,,,0,,,2498,13758155135,,2025-11-26 10:00:54.1454388,,1764122454,,0,0,,0,0,,0,
1993545232645492736,,sl-20251126125956-002,1,0,浙A33389D,,32.13,14,14.2266,2025-11-26 12:59:56,2025-11-26 14:09:39.3649197,,50.44,17.79,32.65,0,2498,13758155135,2498,13758155135,1764141238,2025-11-26 12:59:56.3997622,2025-11-26 15:13:58.5194183,1764133196,1764141247,0,0,,0,1,,1,
1993564746019901440,,sl-20251126141728-003,1,0,浙A08190D,,27.54,12,12.061,2025-11-26 14:17:28,2025-11-26 15:42:16,,44.55,16.87,27.68,0,2498,13758155135,2498,13758155135,1764143858,2025-11-26 14:17:28.7509542,2025-11-26 15:57:38.2799988,1764137848,1764143859,0,0,,0,1,,1,
1993586084923183104,,sl-20251126154216-004,2,0,浙A08190D,,,,,2025-11-26 15:42:16,,,3.57,,,1,2498,13758155135,2498,13758155135,1764143019,2025-11-26 15:42:16.3413295,2025-11-26 15:43:39.4580186,1764142936,1764142943,0,0,,0,0,,0,
1993590622988144640,,sl-20251126160018-004,1,0,浙A33082D,,32.13,14,14.1612,2025-11-26 16:00:18,2025-11-26 17:13:48.2386588,,50.45,17.95,32.5,0,2498,13758155135,2498,13758155135,1764196853,2025-11-26 16:00:18.3008968,2025-11-27 06:40:53.005431,1764144018,1764196862,0,0,,0,1,,1,
1993609548556013568,,sl-20251126171530-005,0,0,浙A33111D,,,,,2025-11-26 17:15:30,,,51,,,0,,,2498,13758155135,,2025-11-26 17:15:30.5079956,,1764148530,1764148535,0,0,,0,0,,0,
1993952714106736640,,sl-20251127155907-001,0,0,浙A8Y5K6,,,,,2025-11-27 15:59:07,,,4.05,,,0,,,2498,13758155135,,2025-11-27 15:59:07.5508355,,1764230347,1764230352,0,0,,0,0,,0,
1994278775390605312,,sl-20251128133446-001,1,0,浙A28H03,,27.36,12,12.0833,2025-11-28 13:34:46,2025-11-28 15:18:44.8887515,,43.3,15.75,27.55,0,2498,13758155135,2498,13758155135,1764406040,2025-11-28 13:34:46.6185899,2025-11-29 16:47:20.0531462,1764308086,1764406047,0,0,,0,1,,1,
1994310830832881664,,sl-20251128154209-002,0,0,浙A16A03,,,,,2025-11-28 15:42:09,,,51.24,,,0,,,2498,13758155135,,2025-11-28 15:42:09.2319004,,1764315729,1764315735,0,0,,0,0,,0,
1994506632679264256,,sl-20251129044012-001,0,0,皖SD9437,,,,,2025-11-29 04:40:12,,,94.69,,,0,,,2498,13758155135,,2025-11-29 04:40:12.0292531,,1764362412,1764362417,0,0,,0,0,,0,
1994613012538986496,,sl-20251129114254-002,1,0,浙A6Y351,,29.64,13,13.2807,2025-11-29 11:42:54,2025-11-29 12:14:10.1720524,,44.62,14.34,30.28,0,2498,13758155135,2498,13758155135,1764455781,2025-11-29 11:42:54.9647468,2025-11-30 06:36:21.1789245,1764387774,1764455783,0,0,,0,1,,1,
1994647591652036608,,sl-20251129140019-003,1,0,浙A35531D,,27.36,12,12.1491,2025-11-29 14:00:19,2025-11-29 15:38:25.2534494,,47.28,19.58,27.7,0,2498,13758155135,2498,13758155135,1764406006,2025-11-29 14:00:19.2678789,2025-11-29 16:46:46.8711559,1764396019,1764406017,0,0,,0,1,,1,
1994686676588433408,,sl-20251129163537-004,0,0,浙A72E68,,,,,2025-11-29 16:35:37,,,31.05,,,0,,,2498,13758155135,,2025-11-29 16:35:37.8428676,,1764405337,1764405342,0,0,,0,0,,0,
1995028293014917120,,sl-20251130151305-001,0,0,浙A2T081,,,,,2025-11-30 15:13:05,,,47.79,,,0,,,2498,13758155135,,2025-11-30 15:13:05.5450687,,1764486785,1764486791,0,0,,0,0,,0,
1995251904220893184,,sl-20251201060138-001,1,0,浙A0W980,,27.36,12,12.1623,2025-12-01 06:01:38,2025-12-01 07:42:54.7069837,,46.67,18.94,27.73,0,2498,13758155135,2498,13758155135,1764554789,2025-12-01 06:01:38.6126595,2025-12-01 10:06:29.0483323,1764540098,1764554798,0,0,,0,1,,1,
1995317963997188096,,sl-20251201102408-002,1,0,浙A32260D,,27.36,12,12.0658,2025-12-01 10:24:08,2025-12-01 11:43:18.8197637,,46.07,18.56,27.51,0,2498,13758155135,2498,13758155135,1764577216,2025-12-01 10:24:08.490528,2025-12-01 16:20:16.1569539,1764555848,1764577221,0,0,,0,1,,1,
1995356035900116992,,sl-20251201125525-003,0,0,浙AW39F8,,,,,2025-12-01 12:55:25,,,7.09,,,0,,,2498,13758155135,,2025-12-01 12:55:25.5384436,,1764564925,1764564930,0,0,,0,0,,0,
1995368887176269824,,sl-20251201134629-004,1,0,浙A9W899,,34.2,15,15.4167,2025-12-01 13:46:29,2025-12-01 15:40:39.5029441,,53.86,18.71,35.15,0,2498,13758155135,2498,13758155135,1764577192,2025-12-01 13:46:29.5219519,2025-12-01 16:19:52.4764514,1764567989,1764577202,0,0,,0,1,,1,
1995434133173702656,,sl-20251201180545-005,0,0,浙A59B27,,,,,2025-12-01 18:05:45,,,45.89,,,0,,,2498,13758155135,,2025-12-01 18:05:45.3792878,,1764583545,1764583549,0,0,,0,0,,0,
1995595011022000128,,sl-20251202044501-001,1,0,浙A1U390,,34.2,15,14.9561,2025-12-02 04:45:01,2025-12-02 07:52:56.0470002,,54.27,20.17,34.1,0,2498,13758155135,2498,13758155135,1764634653,2025-12-02 04:45:01.6475128,2025-12-02 08:17:33.0374772,1764621901,1764634664,0,0,,0,2,,1,
1995728013135843328,,sl-20251202133331-002,0,0,浙A0S735,,,,,2025-12-02 13:33:31,,,57.93,,,0,,,2498,13758155135,,2025-12-02 13:33:31.8229503,,1764653611,1764653623,0,0,,0,0,,0,
1995732490224013312,,sl-20251202135119-003,0,0,浙A11E38,,,,,2025-12-02 13:51:19,,,14.61,,,0,,,2498,13758155135,,2025-12-02 13:51:19.2430471,,1764654679,1764654685,0,0,,0,0,,0,
1995761380514467840,,sl-20251202154607-004,1,0,浙A33813D,,31.92,14,14.1842,2025-12-02 15:46:07,2025-12-02 17:46:36.0108597,,50.63,18.29,32.34,0,2498,13758155135,2498,13758155135,1764739390,2025-12-02 15:46:07.2250887,2025-12-03 13:23:10.5525644,1764661567,1764739397,0,0,,0,1,,1,
1995798533424418816,,sl-20251202181345-005,0,0,浙AD73210,,,,,2025-12-02 18:13:45,,,43.99,,,0,,,2498,13758155135,,2025-12-02 18:13:45.1690327,,1764670425,1764670431,0,0,,0,0,,0,
1996016836432498688,,sl-20251203084112-001,1,0,浙A35050D,,27.36,12,11.9956,2025-12-03 08:41:12,2025-12-03 10:11:36.6144791,,44.16,16.81,27.35,0,2498,13758155135,2498,13758155135,1764739352,2025-12-03 08:41:12.6627112,2025-12-03 13:22:32.7459465,1764722472,1764739357,0,0,,0,2,,1,
1996018865565470720,,sl-20251203084916-002,0,0,浙A71A11,,,,,2025-12-03 08:49:16,,,16.93,,,0,,,2498,13758155135,,2025-12-03 08:49:16.4451846,,1764722956,1764722961,0,0,,0,0,,0,
1996059277546098688,,sl-20251203112951-003,1,0,浙A8Z706,,27.36,12,11.9825,2025-12-03 11:29:51,2025-12-03 13:01:02.198473,,44.23,16.91,27.32,0,2498,13758155135,2498,13758155135,1764739236,2025-12-03 11:29:51.4123841,2025-12-03 13:20:36.1700524,1764732591,1764739246,0,0,,0,2,,1,
1996104272672067584,,sl-20251203142839-004,1,0,浙A1U390,,27.36,12,12.1623,2025-12-03 14:28:39,2025-12-03 16:34:40.1364729,,47.92,20.19,27.73,0,2498,13758155135,2498,13758155135,1764805231,2025-12-03 14:28:39.0864457,2025-12-04 07:40:31.0456364,1764743319,1764805243,0,0,,0,1,,1,
1996152603628670976,,sl-20251203174042-005,0,0,浙A88J95,,,,,2025-12-03 17:40:42,,,43.35,,,0,,,2498,13758155135,,2025-12-03 17:40:42.0843605,,1764754842,1764754847,0,0,,0,0,,0,
1996177870258573312,,sl-20251203192106-006,0,0,浙A0W130,,,,,2025-12-03 19:21:06,,,53.81,,,0,,,2498,13758155135,,2025-12-03 19:21:06.1181547,,1764760866,1764760870,0,0,,0,0,,0,
1996340764619182080,,sl-20251204060823-001,0,0,浙A71A11,,,,,2025-12-04 06:08:23,,,58.51,,,0,,,2498,13758155135,,2025-12-04 06:08:23.1611243,,1764799703,1764799707,0,0,,0,0,,0,
1996343310486212608,,sl-20251204061830-002,1,0,浙A71A11,,43.06,43.06,41.68,2025-12-04 06:18:30,2025-12-04 08:06:06.8313671,,58.55,16.87,41.68,0,2498,13758155135,2498,13758155135,1764808028,2025-12-04 06:18:30.1421511,2025-12-04 08:27:08.1403421,1764800310,1764808029,0,0,,0,2,,1,
